{
  "timestamp":1608780966,
  "source":"USD",
  "quotes":{
    "USDAED":3.673198,
    "USDAFN":77.045313,
    "USDALL":100.652422,
    "USDAMD":522.209607,
    "USDANG":1.792375,
    "USDAOA":655.282994,
    "USDARS":83.354299,
    "USDAUD":1.318565,
    "USDAWG":1.8,
    "USDAZN":1.700861,
    "USDBAM":1.602056,
    "USDBBD":2.016317,
    "USDBDT":84.687977,
    "USDBGN":1.600856,
    "USDBHD":0.377076,
    "USDBIF":1936.992394,
    "USDBMD":1,
    "USDBND":1.331662,
    "USDBOB":6.865521,
    "USDBRL":5.216803,
    "USDBSD":0.998583,
    "USDBTC":4.3664755e-5,
    "USDBTN":73.571314,
    "USDBWP":10.772589,
    "USDBYN":2.58148,
    "USDBYR":19600,
    "USDBZD":2.01286,
    "USDCAD":1.284875,
    "USDCDF":1970.00031,
    "USDCHF":0.887545,
    "USDCLF":0.02588,
    "USDCLP":714.100748,
    "USDCNY":6.530704,
    "USDCOP":3499.83,
    "USDCRC":605.233303,
    "USDCUC":1,
    "USDCUP":26.5,
    "USDCVE":90.32007,
    "USDCZK":21.530953,
    "USDDJF":177.779234,
    "USDDKK":6.093298,
    "USDDOP":57.999648,
    "USDDZD":132.350725,
    "USDEGP":15.707404,
    "USDERN":14.999688,
    "USDETB":39.151482,
    "USDEUR":0.819245,
    "USDFJD":2.047966,
    "USDFKP":0.737892,
    "USDGBP":0.737845,
    "USDGEL":3.284987,
    "USDGGP":0.737892,
    "USDGHS":5.861938,
    "USDGIP":0.737892,
    "USDGMD":51.750245,
    "USDGNF":9977.064972,
    "USDGTQ":7.789241,
    "USDGYD":208.924293,
    "USDHKD":7.75285,
    "USDHNL":24.23669,
    "USDHRK":6.180496,
    "USDHTG":71.376381,
    "USDHUF":296.666975,
    "USDIDR":14209.5,
    "USDILS":3.21595,
    "USDIMP":0.737892,
    "USDINR":73.661023,
    "USDIQD":1458.980607,
    "USDIRR":42105.000507,
    "USDISK":127.719977,
    "USDJEP":0.737892,
    "USDJMD":142.66629,
    "USDJOD":0.708975,
    "USDJPY":103.525985,
    "USDKES":108.600451,
    "USDKGS":83.198647,
    "USDKHR":4029.48886,
    "USDKMF":403.680131,
    "USDKPW":900.067403,
    "USDKRW":1102.830295,
    "USDKWD":0.305403,
    "USDKYD":0.832224,
    "USDKZT":420.85475,
    "USDLAK":9279.135011,
    "USDLBP":1510.10161,
    "USDLKR":189.987427,
    "USDLRD":163.000278,
    "USDLSL":14.589732,
    "USDLTL":2.95274,
    "USDLVL":0.60489,
    "USDLYD":1.340722,
    "USDMAD":8.975242,
    "USDMDL":17.21123,
    "USDMGA":3902.0912,
    "USDMKD":50.469969,
    "USDMMK":1333.146494,
    "USDMNT":2853.73435,
    "USDMOP":7.973952,
    "USDMRO":356.999828,
    "USDMUR":39.501173,
    "USDMVR":15.409702,
    "USDMWK":764.726601,
    "USDMXN":20.046699,
    "USDMYR":4.059501,
    "USDMZN":74.820137,
    "USDNAD":14.590092,
    "USDNGN":381.199613,
    "USDNIO":34.801448,
    "USDNOK":8.618635,
    "USDNPR":117.712877,
    "USDNZD":1.40903,
    "USDOMR":0.38501,
    "USDPAB":0.998669,
    "USDPEN":3.60756,
    "USDPGK":3.506356,
    "USDPHP":48.059682,
    "USDPKR":160.078062,
    "USDPLN":3.688284,
    "USDPYG":6769.601258,
    "USDQAR":3.641,
    "USDRON":3.990702,
    "USDRSD":96.30093,
    "USDRUB":75.076973,
    "USDRWF":989.164175,
    "USDSAR":3.750696,
    "USDSBD":8.034202,
    "USDSCR":21.204873,
    "USDSDG":55.275024,
    "USDSEK":8.275501,
    "USDSGD":1.32982,
    "USDSHP":0.737892,
    "USDSLL":10099.999992,
    "USDSOS":582.00007,
    "USDSRD":14.15399,
    "USDSTD":20834.863349,
    "USDSVC":8.738353,
    "USDSYP":512.805141,
    "USDSZL":14.546333,
    "USDTHB":30.198045,
    "USDTJS":11.309401,
    "USDTMT":3.5,
    "USDTND":2.699499,
    "USDTOP":2.28815,
    "USDTRY":7.644301,
    "USDTTD":6.781644,
    "USDTWD":28.135202,
    "USDTZS":2315.565978,
    "USDUAH":28.415832,
    "USDUGX":3646.960048,
    "USDUSD":1,
    "USDUYU":42.151824,
    "USDUZS":10461.540352,
    "USDVEF":9.987499,
    "USDVND":23128,
    "USDVUV":109.516569,
    "USDWST":2.538956,
    "USDXAF":537.251321,
    "USDXAG":0.038884,
    "USDXAU":0.000534,
    "USDXCD":2.70255,
    "USDXDR":0.69248,
    "USDXOF":537.299728,
    "USDXPF":98.149863,
    "USDYER":250.35015,
    "USDZAR":14.60235,
    "USDZMK":9001.196222,
    "USDZMW":21.11963,
    "USDZWL":322.000186
  }
}